user_id,transaction_id,product_id,price,quantity,timestamp
1067,0,127,329.94,9,2023-01-01 00:00:00
4163,1,150,19.85,7,2023-01-01 01:00:00
3056,2,123,185.05,7,2023-01-01 02:00:00
1025,3,190,159.57,2,2023-01-01 03:00:00
3710,4,167,76.47,9,2023-01-01 04:00:00
1280,5,145,434.44,1,2023-01-01 05:00:00
1341,6,125,18.23,2,2023-01-01 06:00:00
3461,7,199,141.79,7,2023-01-01 07:00:00
4405,8,147,411.58,6,2023-01-01 08:00:00
2155,9,156,396.93,2,2023-01-01 09:00:00
1043,10,189,249.27,9,2023-01-01 10:00:00
3700,11,168,29.8,2,2023-01-01 11:00:00
3202,12,173,418.91,5,2023-01-01 12:00:00
4198,13,130,431.98,6,2023-01-01 13:00:00
3703,14,177,485.42,6,2023-01-01 14:00:00
4330,15,134,359.86,3,2023-01-01 15:00:00
4741,16,121,137.2,8,2023-01-01 16:00:00
2809,17,144,443.07,6,2023-01-01 17:00:00
1062,18,194,349.28,9,2023-01-01 18:00:00
1677,19,133,45.55,1,2023-01-01 19:00:00
4755,20,162,424.12,8,2023-01-01 20:00:00
3386,21,122,81.31,3,2023-01-01 21:00:00
3654,22,162,262.91,7,2023-01-01 22:00:00
3484,23,165,36.5,1,2023-01-01 23:00:00
3240,24,125,235.17,5,2023-01-02 00:00:00
4766,25,127,352.08,8,2023-01-02 01:00:00
2644,26,191,284.51,9,2023-01-02 02:00:00
4707,27,163,297.81,7,2023-01-02 03:00:00
1376,28,174,179.02,2,2023-01-02 04:00:00
4817,29,111,154.36,5,2023-01-02 05:00:00
4500,30,140,215.04,9,2023-01-02 06:00:00
4658,31,101,456.37,4,2023-01-02 07:00:00
2423,32,134,403.52,8,2023-01-02 08:00:00
1641,33,168,276.54,4,2023-01-02 09:00:00
3715,34,149,65.8,7,2023-01-02 10:00:00
3289,35,173,233.69,9,2023-01-02 11:00:00
4714,36,199,34.08,4,2023-01-02 12:00:00
1880,37,145,181.79,8,2023-01-02 13:00:00
2503,38,167,431.2,7,2023-01-02 14:00:00
2406,39,133,34.55,2,2023-01-02 15:00:00
4072,40,105,455.9,7,2023-01-02 16:00:00
4374,41,114,284.67,8,2023-01-02 17:00:00
4555,42,117,64.76,9,2023-01-02 18:00:00
2522,43,147,412.61,8,2023-01-02 19:00:00
2651,44,190,391.38,6,2023-01-02 20:00:00
2613,45,167,470.94,7,2023-01-02 21:00:00
3911,46,158,209.08,8,2023-01-02 22:00:00
3671,47,157,274.58,5,2023-01-02 23:00:00
3090,48,164,273.53,2,2023-01-03 00:00:00
4813,49,183,63.45,7,2023-01-03 01:00:00
4656,50,113,453.55,7,2023-01-03 02:00:00
1396,51,153,147.86,7,2023-01-03 03:00:00
1954,52,133,309.08,3,2023-01-03 04:00:00
3339,53,172,91.43,2,2023-01-03 05:00:00
1053,54,107,425.69,3,2023-01-03 06:00:00
1968,55,114,103.63,8,2023-01-03 07:00:00
1844,56,185,90.34,8,2023-01-03 08:00:00
3318,57,110,465.98,9,2023-01-03 09:00:00
4298,58,149,391.97,6,2023-01-03 10:00:00
3301,59,153,423.97,2,2023-01-03 11:00:00
3192,60,101,493.9,5,2023-01-03 12:00:00
1351,61,156,470.05,7,2023-01-03 13:00:00
4545,62,106,112.17,7,2023-01-03 14:00:00
3401,63,184,199.66,7,2023-01-03 15:00:00
2582,64,188,413.25,1,2023-01-03 16:00:00
4038,65,168,125.55,6,2023-01-03 17:00:00
3129,66,121,278.05,6,2023-01-03 18:00:00
3282,67,121,256.09,8,2023-01-03 19:00:00
3842,68,170,379.89,3,2023-01-03 20:00:00
2587,69,109,13.92,1,2023-01-03 21:00:00
3246,70,194,205.81,7,2023-01-03 22:00:00
4225,71,116,59.66,3,2023-01-03 23:00:00
3606,72,170,394.61,2,2023-01-04 00:00:00
2838,73,195,162.48,1,2023-01-04 01:00:00
4435,74,128,483.36,9,2023-01-04 02:00:00
4025,75,163,423.22,2,2023-01-04 03:00:00
2136,76,159,269.9,8,2023-01-04 04:00:00
4397,77,154,315.82,9,2023-01-04 05:00:00
3125,78,172,310.46,3,2023-01-04 06:00:00
4707,79,167,56.45,9,2023-01-04 07:00:00
1260,80,160,487.16,2,2023-01-04 08:00:00
4502,81,131,193.68,1,2023-01-04 09:00:00
4205,82,173,63.93,5,2023-01-04 10:00:00
4544,83,104,159.16,8,2023-01-04 11:00:00
2874,84,187,144.01,2,2023-01-04 12:00:00
2369,85,132,49.57,4,2023-01-04 13:00:00
1136,86,161,79.19,2,2023-01-04 14:00:00
3918,87,139,331.26,6,2023-01-04 15:00:00
1757,88,177,22.15,1,2023-01-04 16:00:00
3889,89,110,248.05,8,2023-01-04 17:00:00
3603,90,136,423.94,9,2023-01-04 18:00:00
2245,91,153,37.36,6,2023-01-04 19:00:00
1962,92,154,34.34,2,2023-01-04 20:00:00
2229,93,103,94.53,4,2023-01-04 21:00:00
3357,94,155,402.17,7,2023-01-04 22:00:00
4696,95,163,414.38,7,2023-01-04 23:00:00
2660,96,189,79.83,9,2023-01-05 00:00:00
4574,97,126,428.46,5,2023-01-05 01:00:00
3564,98,147,178.56,3,2023-01-05 02:00:00
3544,99,151,445.25,5,2023-01-05 03:00:00
4033,100,144,479.63,9,2023-01-05 04:00:00
3533,101,172,73.92,8,2023-01-05 05:00:00
4110,102,121,145.02,3,2023-01-05 06:00:00
2223,103,130,382.8,2,2023-01-05 07:00:00
2414,104,135,49.09,7,2023-01-05 08:00:00
3793,105,137,161.58,8,2023-01-05 09:00:00
1631,106,160,466.61,3,2023-01-05 10:00:00
3371,107,191,106.13,3,2023-01-05 11:00:00
4855,108,145,32.68,8,2023-01-05 12:00:00
3734,109,110,329.14,8,2023-01-05 13:00:00
3534,110,195,142.39,5,2023-01-05 14:00:00
2695,111,190,329.91,5,2023-01-05 15:00:00
3656,112,169,406.98,8,2023-01-05 16:00:00
2560,113,133,241.43,4,2023-01-05 17:00:00
2045,114,194,20.51,2,2023-01-05 18:00:00
2628,115,114,31.92,1,2023-01-05 19:00:00
3507,116,124,331.93,1,2023-01-05 20:00:00
2627,117,179,258.75,4,2023-01-05 21:00:00
2896,118,107,356.02,2,2023-01-05 22:00:00
1246,119,190,289.3,3,2023-01-05 23:00:00
4122,120,143,80.38,8,2023-01-06 00:00:00
3698,121,196,222.8,8,2023-01-06 01:00:00
3183,122,169,221.1,6,2023-01-06 02:00:00
4979,123,198,206.74,4,2023-01-06 03:00:00
2373,124,177,303.49,5,2023-01-06 04:00:00
3758,125,144,422.93,6,2023-01-06 05:00:00
2133,126,166,129.52,4,2023-01-06 06:00:00
4217,127,179,145.94,1,2023-01-06 07:00:00
4036,128,169,473.31,5,2023-01-06 08:00:00
1235,129,179,485.93,9,2023-01-06 09:00:00
2362,130,186,276.65,1,2023-01-06 10:00:00
4851,131,172,332.75,5,2023-01-06 11:00:00
3940,132,165,458.16,8,2023-01-06 12:00:00
3857,133,144,428.96,8,2023-01-06 13:00:00
4142,134,155,153.55,5,2023-01-06 14:00:00
1169,135,129,182.76,2,2023-01-06 15:00:00
4254,136,195,441.48,8,2023-01-06 16:00:00
4446,137,113,14.56,5,2023-01-06 17:00:00
3748,138,101,8.55,6,2023-01-06 18:00:00
4131,139,120,37.13,5,2023-01-06 19:00:00
2637,140,138,49.03,9,2023-01-06 20:00:00
2264,141,112,23.88,7,2023-01-06 21:00:00
2594,142,145,445.9,4,2023-01-06 22:00:00
1425,143,114,462.23,4,2023-01-06 23:00:00
4355,144,135,203.88,4,2023-01-07 00:00:00
3653,145,140,265.18,1,2023-01-07 01:00:00
4006,146,179,104.79,7,2023-01-07 02:00:00
3701,147,149,391.78,9,2023-01-07 03:00:00
4432,148,154,209.51,5,2023-01-07 04:00:00
4897,149,144,469.79,5,2023-01-07 05:00:00
3858,150,154,41.43,5,2023-01-07 06:00:00
1604,151,149,73.5,4,2023-01-07 07:00:00
2590,152,139,180.63,3,2023-01-07 08:00:00
3200,153,144,353.21,1,2023-01-07 09:00:00
2524,154,183,283.78,2,2023-01-07 10:00:00
3962,155,181,366.2,5,2023-01-07 11:00:00
2278,156,146,351.99,8,2023-01-07 12:00:00
3889,157,192,8.54,6,2023-01-07 13:00:00
4705,158,140,359.16,9,2023-01-07 14:00:00
2992,159,120,395.26,7,2023-01-07 15:00:00
1584,160,150,222.96,2,2023-01-07 16:00:00
2635,161,101,178.41,3,2023-01-07 17:00:00
4604,162,173,238.14,8,2023-01-07 18:00:00
1702,163,143,185.52,9,2023-01-07 19:00:00
2587,164,117,373.48,9,2023-01-07 20:00:00
4144,165,169,210.39,3,2023-01-07 21:00:00
3334,166,193,56.94,8,2023-01-07 22:00:00
2262,167,195,231.97,9,2023-01-07 23:00:00
1143,168,100,432.25,2,2023-01-08 00:00:00
4946,169,179,446.58,5,2023-01-08 01:00:00
2394,170,165,118.84,3,2023-01-08 02:00:00
3770,171,116,187.41,7,2023-01-08 03:00:00
3195,172,101,113.99,8,2023-01-08 04:00:00
2500,173,129,112.44,5,2023-01-08 05:00:00
3617,174,110,357.73,2,2023-01-08 06:00:00
1801,175,100,120.19,9,2023-01-08 07:00:00
3336,176,178,398.25,3,2023-01-08 08:00:00
3314,177,125,97.77,2,2023-01-08 09:00:00
2014,178,126,476.08,4,2023-01-08 10:00:00
1079,179,125,103.57,8,2023-01-08 11:00:00
4484,180,144,30.83,8,2023-01-08 12:00:00
1241,181,150,475.19,4,2023-01-08 13:00:00
1666,182,102,80.41,7,2023-01-08 14:00:00
2737,183,126,450.62,5,2023-01-08 15:00:00
2094,184,193,151.44,3,2023-01-08 16:00:00
1619,185,111,181.64,9,2023-01-08 17:00:00
4240,186,126,132.72,2,2023-01-08 18:00:00
4737,187,193,496.34,2,2023-01-08 19:00:00
2166,188,112,296.83,7,2023-01-08 20:00:00
4197,189,184,467.09,8,2023-01-08 21:00:00
4394,190,178,122.69,9,2023-01-08 22:00:00
4041,191,184,321.11,2,2023-01-08 23:00:00
2280,192,197,203.99,6,2023-01-09 00:00:00
4161,193,131,336.09,6,2023-01-09 01:00:00
2182,194,118,169.91,1,2023-01-09 02:00:00
4713,195,199,426.29,7,2023-01-09 03:00:00
4072,196,107,107.38,1,2023-01-09 04:00:00
3341,197,109,71.76,2,2023-01-09 05:00:00
3563,198,135,413.37,4,2023-01-09 06:00:00
4474,199,152,86.16,8,2023-01-09 07:00:00
2915,200,151,358.72,5,2023-01-09 08:00:00
2093,201,125,33.74,4,2023-01-09 09:00:00
4528,202,121,349.05,3,2023-01-09 10:00:00
4533,203,175,487.98,6,2023-01-09 11:00:00
3422,204,146,481.78,1,2023-01-09 12:00:00
3814,205,171,385.73,1,2023-01-09 13:00:00
2706,206,195,335.95,5,2023-01-09 14:00:00
3857,207,181,447.2,7,2023-01-09 15:00:00
4558,208,172,172.39,3,2023-01-09 16:00:00
2019,209,107,125.05,9,2023-01-09 17:00:00
3754,210,166,195.4,7,2023-01-09 18:00:00
2416,211,109,423.33,9,2023-01-09 19:00:00
1290,212,186,163.71,5,2023-01-09 20:00:00
4067,213,109,140.29,8,2023-01-09 21:00:00
4399,214,172,489.23,6,2023-01-09 22:00:00
4027,215,178,404.81,3,2023-01-09 23:00:00
4579,216,183,458.38,1,2023-01-10 00:00:00
4873,217,119,380.47,7,2023-01-10 01:00:00
1532,218,155,471.04,3,2023-01-10 02:00:00
4390,219,191,336.68,2,2023-01-10 03:00:00
3194,220,128,373.17,4,2023-01-10 04:00:00
4530,221,170,395.66,1,2023-01-10 05:00:00
3928,222,137,23.15,7,2023-01-10 06:00:00
2744,223,141,317.92,5,2023-01-10 07:00:00
1425,224,145,438.94,7,2023-01-10 08:00:00
2234,225,180,104.95,8,2023-01-10 09:00:00
2074,226,176,491.99,6,2023-01-10 10:00:00
1397,227,110,351.52,4,2023-01-10 11:00:00
3601,228,174,358.83,8,2023-01-10 12:00:00
2608,229,170,122.31,4,2023-01-10 13:00:00
3374,230,140,6.2,8,2023-01-10 14:00:00
2614,231,108,363.53,2,2023-01-10 15:00:00
3380,232,182,217.16,4,2023-01-10 16:00:00
1945,233,157,304.11,9,2023-01-10 17:00:00
4659,234,109,323.24,8,2023-01-10 18:00:00
1628,235,182,33.28,2,2023-01-10 19:00:00
2044,236,180,196.89,8,2023-01-10 20:00:00
1068,237,181,337.93,9,2023-01-10 21:00:00
4859,238,137,385.18,7,2023-01-10 22:00:00
2530,239,108,415.16,2,2023-01-10 23:00:00
1102,240,169,187.63,5,2023-01-11 00:00:00
4999,241,146,386.85,5,2023-01-11 01:00:00
3183,242,106,52.69,3,2023-01-11 02:00:00
4959,243,154,30.93,3,2023-01-11 03:00:00
3208,244,101,194.85,7,2023-01-11 04:00:00
1385,245,150,114.09,9,2023-01-11 05:00:00
4433,246,154,168.57,3,2023-01-11 06:00:00
2537,247,139,441.56,5,2023-01-11 07:00:00
2023,248,167,168.65,5,2023-01-11 08:00:00
4753,249,186,203.26,6,2023-01-11 09:00:00
2363,250,104,103.18,8,2023-01-11 10:00:00
4432,251,161,118.15,4,2023-01-11 11:00:00
4378,252,150,389.2,5,2023-01-11 12:00:00
3756,253,165,227.26,4,2023-01-11 13:00:00
4456,254,191,296.43,7,2023-01-11 14:00:00
2411,255,128,480.35,3,2023-01-11 15:00:00
4138,256,187,190.91,9,2023-01-11 16:00:00
3929,257,142,281.82,3,2023-01-11 17:00:00
4808,258,149,241.81,6,2023-01-11 18:00:00
2659,259,173,270.58,2,2023-01-11 19:00:00
2222,260,167,60.87,3,2023-01-11 20:00:00
2983,261,131,247.66,7,2023-01-11 21:00:00
1232,262,134,489.09,5,2023-01-11 22:00:00
1218,263,143,76.16,4,2023-01-11 23:00:00
4557,264,126,283.69,2,2023-01-12 00:00:00
4736,265,172,343.7,1,2023-01-12 01:00:00
2127,266,110,294.43,9,2023-01-12 02:00:00
3642,267,150,294.84,2,2023-01-12 03:00:00
4216,268,135,237.21,3,2023-01-12 04:00:00
2308,269,104,211.57,2,2023-01-12 05:00:00
1719,270,131,61.4,1,2023-01-12 06:00:00
3047,271,154,291.49,1,2023-01-12 07:00:00
3049,272,124,241.11,6,2023-01-12 08:00:00
2871,273,107,264.39,1,2023-01-12 09:00:00
4828,274,193,434.01,7,2023-01-12 10:00:00
3284,275,136,343.85,4,2023-01-12 11:00:00
1877,276,177,285.88,4,2023-01-12 12:00:00
3723,277,147,400.29,7,2023-01-12 13:00:00
3579,278,199,13.38,2,2023-01-12 14:00:00
1142,279,152,332.96,4,2023-01-12 15:00:00
1484,280,195,398.78,9,2023-01-12 16:00:00
2533,281,152,212.44,3,2023-01-12 17:00:00
4505,282,124,418.22,6,2023-01-12 18:00:00
1578,283,198,151.27,2,2023-01-12 19:00:00
3933,284,105,379.82,2,2023-01-12 20:00:00
1629,285,110,355.87,5,2023-01-12 21:00:00
2227,286,150,54.17,3,2023-01-12 22:00:00
1675,287,132,249.61,1,2023-01-12 23:00:00
1770,288,148,98.05,6,2023-01-13 00:00:00
3034,289,143,41.34,3,2023-01-13 01:00:00
2679,290,148,26.41,4,2023-01-13 02:00:00
2102,291,184,493.99,9,2023-01-13 03:00:00
3583,292,174,308.1,1,2023-01-13 04:00:00
3911,293,166,197.25,7,2023-01-13 05:00:00
2878,294,137,165.42,3,2023-01-13 06:00:00
4388,295,152,451.05,5,2023-01-13 07:00:00
1167,296,170,328.12,5,2023-01-13 08:00:00
1491,297,178,387.3,2,2023-01-13 09:00:00
1535,298,158,295.02,7,2023-01-13 10:00:00
4543,299,186,497.76,5,2023-01-13 11:00:00
4028,300,154,145.51,7,2023-01-13 12:00:00
3891,301,106,43.4,4,2023-01-13 13:00:00
1160,302,126,357.5,2,2023-01-13 14:00:00
1680,303,133,309.59,5,2023-01-13 15:00:00
1818,304,179,478.08,8,2023-01-13 16:00:00
1719,305,115,334.29,9,2023-01-13 17:00:00
1927,306,167,270.94,8,2023-01-13 18:00:00
2780,307,191,441.71,9,2023-01-13 19:00:00
4054,308,125,316.06,3,2023-01-13 20:00:00
1185,309,181,407.72,4,2023-01-13 21:00:00
1135,310,175,36.43,6,2023-01-13 22:00:00
4972,311,168,184.94,2,2023-01-13 23:00:00
2671,312,189,54.22,8,2023-01-14 00:00:00
2315,313,141,428.54,5,2023-01-14 01:00:00
1409,314,126,412.67,5,2023-01-14 02:00:00
3216,315,145,138.96,3,2023-01-14 03:00:00
1997,316,134,240.84,6,2023-01-14 04:00:00
3861,317,185,377.21,9,2023-01-14 05:00:00
3234,318,123,127.96,2,2023-01-14 06:00:00
4872,319,133,275.23,5,2023-01-14 07:00:00
4281,320,114,162.69,9,2023-01-14 08:00:00
2976,321,111,419.4,1,2023-01-14 09:00:00
2633,322,159,472.87,5,2023-01-14 10:00:00
2691,323,142,486.72,9,2023-01-14 11:00:00
1975,324,150,235.92,8,2023-01-14 12:00:00
3552,325,128,428.04,4,2023-01-14 13:00:00
1032,326,166,353.42,8,2023-01-14 14:00:00
3851,327,109,319.7,1,2023-01-14 15:00:00
3536,328,128,360.15,9,2023-01-14 16:00:00
3452,329,114,240.39,1,2023-01-14 17:00:00
4331,330,155,356.23,6,2023-01-14 18:00:00
2814,331,154,253.98,4,2023-01-14 19:00:00
1754,332,133,277.88,9,2023-01-14 20:00:00
3139,333,143,238.01,2,2023-01-14 21:00:00
4285,334,152,196.1,8,2023-01-14 22:00:00
2941,335,146,330.68,2,2023-01-14 23:00:00
2554,336,186,169.12,5,2023-01-15 00:00:00
2406,337,194,425.53,8,2023-01-15 01:00:00
3878,338,127,48.16,4,2023-01-15 02:00:00
2110,339,113,103.99,2,2023-01-15 03:00:00
2371,340,177,363.0,3,2023-01-15 04:00:00
3703,341,101,425.31,9,2023-01-15 05:00:00
3533,342,162,455.05,9,2023-01-15 06:00:00
2678,343,121,114.74,3,2023-01-15 07:00:00
3200,344,127,227.74,7,2023-01-15 08:00:00
1552,345,145,402.98,9,2023-01-15 09:00:00
3330,346,116,482.84,2,2023-01-15 10:00:00
2948,347,168,354.9,8,2023-01-15 11:00:00
1078,348,115,78.29,7,2023-01-15 12:00:00
2634,349,104,117.8,1,2023-01-15 13:00:00
2511,350,155,190.34,8,2023-01-15 14:00:00
1519,351,125,185.65,9,2023-01-15 15:00:00
1284,352,119,279.6,1,2023-01-15 16:00:00
1663,353,159,455.12,8,2023-01-15 17:00:00
3954,354,107,22.42,1,2023-01-15 18:00:00
4501,355,113,195.94,5,2023-01-15 19:00:00
1577,356,102,442.89,2,2023-01-15 20:00:00
4960,357,136,69.98,6,2023-01-15 21:00:00
4497,358,159,435.75,9,2023-01-15 22:00:00
3034,359,163,492.09,3,2023-01-15 23:00:00
3836,360,130,211.5,5,2023-01-16 00:00:00
4738,361,137,26.99,4,2023-01-16 01:00:00
2056,362,166,430.78,2,2023-01-16 02:00:00
2817,363,116,389.31,1,2023-01-16 03:00:00
2958,364,121,288.6,1,2023-01-16 04:00:00
2971,365,113,211.04,6,2023-01-16 05:00:00
2603,366,199,484.18,6,2023-01-16 06:00:00
4582,367,147,214.42,9,2023-01-16 07:00:00
4949,368,166,74.33,3,2023-01-16 08:00:00
3127,369,124,253.25,1,2023-01-16 09:00:00
1822,370,165,343.44,7,2023-01-16 10:00:00
4282,371,182,146.06,5,2023-01-16 11:00:00
2960,372,128,64.69,6,2023-01-16 12:00:00
3017,373,182,444.62,8,2023-01-16 13:00:00
4940,374,126,205.51,7,2023-01-16 14:00:00
1355,375,118,462.86,3,2023-01-16 15:00:00
1397,376,189,155.92,7,2023-01-16 16:00:00
1113,377,124,420.18,5,2023-01-16 17:00:00
1907,378,145,266.65,9,2023-01-16 18:00:00
3809,379,105,401.0,7,2023-01-16 19:00:00
1208,380,174,348.45,5,2023-01-16 20:00:00
3466,381,100,74.87,7,2023-01-16 21:00:00
1754,382,154,72.14,5,2023-01-16 22:00:00
4299,383,137,320.37,4,2023-01-16 23:00:00
1639,384,172,377.83,9,2023-01-17 00:00:00
2414,385,195,327.64,3,2023-01-17 01:00:00
3871,386,151,364.49,9,2023-01-17 02:00:00
4840,387,162,367.54,5,2023-01-17 03:00:00
2183,388,155,231.77,8,2023-01-17 04:00:00
2597,389,100,186.54,8,2023-01-17 05:00:00
2744,390,161,163.97,8,2023-01-17 06:00:00
1890,391,178,244.71,7,2023-01-17 07:00:00
3521,392,143,265.31,3,2023-01-17 08:00:00
1080,393,103,70.92,7,2023-01-17 09:00:00
4910,394,149,316.26,8,2023-01-17 10:00:00
2697,395,115,102.07,3,2023-01-17 11:00:00
2260,396,158,50.05,2,2023-01-17 12:00:00
3706,397,152,264.54,5,2023-01-17 13:00:00
1287,398,128,148.97,5,2023-01-17 14:00:00
1383,399,149,388.5,1,2023-01-17 15:00:00
1865,400,136,275.83,3,2023-01-17 16:00:00
4468,401,154,103.88,5,2023-01-17 17:00:00
4512,402,150,352.52,5,2023-01-17 18:00:00
1898,403,119,123.09,6,2023-01-17 19:00:00
2918,404,181,248.49,6,2023-01-17 20:00:00
2561,405,146,105.18,7,2023-01-17 21:00:00
3892,406,127,465.83,8,2023-01-17 22:00:00
2144,407,150,242.37,3,2023-01-17 23:00:00
3191,408,184,461.39,4,2023-01-18 00:00:00
4952,409,166,211.01,9,2023-01-18 01:00:00
2540,410,136,274.82,4,2023-01-18 02:00:00
3005,411,180,449.68,4,2023-01-18 03:00:00
3910,412,183,87.21,3,2023-01-18 04:00:00
2862,413,150,210.75,2,2023-01-18 05:00:00
3749,414,147,469.54,8,2023-01-18 06:00:00
3385,415,127,355.42,5,2023-01-18 07:00:00
4003,416,154,42.41,3,2023-01-18 08:00:00
2289,417,185,352.89,8,2023-01-18 09:00:00
3186,418,174,118.68,8,2023-01-18 10:00:00
3838,419,125,231.81,3,2023-01-18 11:00:00
2127,420,151,348.34,2,2023-01-18 12:00:00
2542,421,126,196.26,8,2023-01-18 13:00:00
1797,422,158,462.6,5,2023-01-18 14:00:00
3997,423,189,235.67,2,2023-01-18 15:00:00
2183,424,117,298.72,3,2023-01-18 16:00:00
3306,425,148,90.48,1,2023-01-18 17:00:00
4062,426,199,450.25,7,2023-01-18 18:00:00
4891,427,163,80.8,5,2023-01-18 19:00:00
4553,428,181,247.37,3,2023-01-18 20:00:00
4085,429,102,149.8,6,2023-01-18 21:00:00
4737,430,159,157.35,2,2023-01-18 22:00:00
1249,431,171,308.9,3,2023-01-18 23:00:00
4892,432,184,418.04,3,2023-01-19 00:00:00
3337,433,111,116.66,6,2023-01-19 01:00:00
1520,434,162,76.03,1,2023-01-19 02:00:00
3456,435,157,334.07,8,2023-01-19 03:00:00
4243,436,159,206.11,9,2023-01-19 04:00:00
4885,437,183,114.94,3,2023-01-19 05:00:00
2169,438,192,119.21,7,2023-01-19 06:00:00
1776,439,101,412.44,2,2023-01-19 07:00:00
2230,440,138,153.44,9,2023-01-19 08:00:00
3141,441,195,320.18,7,2023-01-19 09:00:00
3822,442,140,467.6,8,2023-01-19 10:00:00
4779,443,128,48.72,8,2023-01-19 11:00:00
4619,444,179,156.71,1,2023-01-19 12:00:00
2426,445,184,87.93,2,2023-01-19 13:00:00
4075,446,111,77.82,7,2023-01-19 14:00:00
4713,447,173,29.38,1,2023-01-19 15:00:00
1371,448,187,170.35,2,2023-01-19 16:00:00
3154,449,105,299.21,5,2023-01-19 17:00:00
3134,450,128,168.57,2,2023-01-19 18:00:00
1527,451,139,20.06,3,2023-01-19 19:00:00
2356,452,101,340.34,4,2023-01-19 20:00:00
3596,453,191,242.14,3,2023-01-19 21:00:00
2465,454,116,444.44,4,2023-01-19 22:00:00
2818,455,175,340.78,8,2023-01-19 23:00:00
1735,456,145,376.13,5,2023-01-20 00:00:00
1934,457,178,335.74,7,2023-01-20 01:00:00
3882,458,112,465.63,7,2023-01-20 02:00:00
1857,459,191,207.34,1,2023-01-20 03:00:00
2950,460,114,398.95,6,2023-01-20 04:00:00
4068,461,151,426.77,8,2023-01-20 05:00:00
1890,462,161,264.55,4,2023-01-20 06:00:00
2162,463,127,457.78,5,2023-01-20 07:00:00
4287,464,197,196.3,2,2023-01-20 08:00:00
1792,465,147,419.28,7,2023-01-20 09:00:00
3237,466,112,288.46,3,2023-01-20 10:00:00
4669,467,181,415.39,7,2023-01-20 11:00:00
1864,468,156,58.39,9,2023-01-20 12:00:00
2956,469,129,370.62,3,2023-01-20 13:00:00
4149,470,181,431.5,8,2023-01-20 14:00:00
3663,471,128,367.88,5,2023-01-20 15:00:00
4887,472,180,241.6,9,2023-01-20 16:00:00
4403,473,180,113.16,5,2023-01-20 17:00:00
3476,474,123,126.8,1,2023-01-20 18:00:00
3817,475,106,324.81,6,2023-01-20 19:00:00
4487,476,121,307.76,2,2023-01-20 20:00:00
3235,477,127,161.62,4,2023-01-20 21:00:00
2339,478,148,53.72,9,2023-01-20 22:00:00
1406,479,177,84.24,6,2023-01-20 23:00:00
2462,480,108,98.74,5,2023-01-21 00:00:00
2417,481,128,380.64,7,2023-01-21 01:00:00
1389,482,107,229.5,6,2023-01-21 02:00:00
1226,483,168,209.9,1,2023-01-21 03:00:00
2479,484,175,273.54,2,2023-01-21 04:00:00
3758,485,160,30.07,6,2023-01-21 05:00:00
1179,486,156,212.25,2,2023-01-21 06:00:00
2420,487,182,148.02,5,2023-01-21 07:00:00
4337,488,168,483.28,2,2023-01-21 08:00:00
1501,489,117,361.84,3,2023-01-21 09:00:00
1079,490,107,35.7,7,2023-01-21 10:00:00
2315,491,146,238.45,6,2023-01-21 11:00:00
3120,492,170,474.1,7,2023-01-21 12:00:00
2599,493,148,480.61,9,2023-01-21 13:00:00
4102,494,192,161.99,9,2023-01-21 14:00:00
4508,495,199,34.18,6,2023-01-21 15:00:00
4356,496,181,291.91,5,2023-01-21 16:00:00
2963,497,162,224.7,8,2023-01-21 17:00:00
2313,498,124,29.3,1,2023-01-21 18:00:00
4832,499,163,350.74,6,2023-01-21 19:00:00
3946,500,146,262.89,8,2023-01-21 20:00:00
1577,501,182,145.34,3,2023-01-21 21:00:00
3989,502,138,311.88,9,2023-01-21 22:00:00
3384,503,125,471.77,5,2023-01-21 23:00:00
1704,504,158,286.83,8,2023-01-22 00:00:00
4891,505,143,162.63,1,2023-01-22 01:00:00
2231,506,139,105.61,5,2023-01-22 02:00:00
1436,507,187,371.36,7,2023-01-22 03:00:00
3482,508,148,125.61,4,2023-01-22 04:00:00
1211,509,141,128.62,3,2023-01-22 05:00:00
2917,510,127,139.27,2,2023-01-22 06:00:00
1047,511,136,263.82,6,2023-01-22 07:00:00
1969,512,196,365.59,1,2023-01-22 08:00:00
3417,513,156,100.24,7,2023-01-22 09:00:00
3607,514,107,290.03,5,2023-01-22 10:00:00
1912,515,176,245.63,4,2023-01-22 11:00:00
1882,516,192,288.08,3,2023-01-22 12:00:00
3243,517,146,365.02,5,2023-01-22 13:00:00
4573,518,133,375.11,7,2023-01-22 14:00:00
2704,519,191,194.79,2,2023-01-22 15:00:00
3511,520,188,280.98,2,2023-01-22 16:00:00
1406,521,150,331.52,7,2023-01-22 17:00:00
1885,522,195,259.69,9,2023-01-22 18:00:00
3657,523,132,426.83,7,2023-01-22 19:00:00
2243,524,131,454.77,6,2023-01-22 20:00:00
2482,525,195,270.08,6,2023-01-22 21:00:00
2163,526,122,92.73,3,2023-01-22 22:00:00
3782,527,160,115.14,3,2023-01-22 23:00:00
4366,528,147,422.14,1,2023-01-23 00:00:00
4364,529,144,172.89,2,2023-01-23 01:00:00
3171,530,135,155.2,6,2023-01-23 02:00:00
3025,531,139,55.84,7,2023-01-23 03:00:00
2219,532,101,224.97,1,2023-01-23 04:00:00
2805,533,124,246.78,7,2023-01-23 05:00:00
2404,534,137,468.67,6,2023-01-23 06:00:00
3506,535,196,144.83,4,2023-01-23 07:00:00
2334,536,160,260.99,6,2023-01-23 08:00:00
4288,537,143,476.97,1,2023-01-23 09:00:00
1000,538,122,216.38,7,2023-01-23 10:00:00
3156,539,101,130.58,3,2023-01-23 11:00:00
1950,540,149,317.67,3,2023-01-23 12:00:00
1542,541,108,193.78,1,2023-01-23 13:00:00
3935,542,155,327.35,3,2023-01-23 14:00:00
1881,543,111,240.89,8,2023-01-23 15:00:00
2074,544,184,85.76,9,2023-01-23 16:00:00
4093,545,107,138.76,4,2023-01-23 17:00:00
4533,546,117,98.28,3,2023-01-23 18:00:00
1131,547,114,16.65,6,2023-01-23 19:00:00
3762,548,129,151.88,8,2023-01-23 20:00:00
3225,549,152,250.22,5,2023-01-23 21:00:00
4612,550,129,140.21,5,2023-01-23 22:00:00
1985,551,152,351.41,4,2023-01-23 23:00:00
3060,552,150,26.91,4,2023-01-24 00:00:00
4716,553,154,396.48,9,2023-01-24 01:00:00
4400,554,185,167.35,1,2023-01-24 02:00:00
1002,555,156,383.6,8,2023-01-24 03:00:00
2080,556,116,76.36,8,2023-01-24 04:00:00
1791,557,133,323.79,2,2023-01-24 05:00:00
1570,558,176,379.94,1,2023-01-24 06:00:00
4582,559,112,273.56,1,2023-01-24 07:00:00
2305,560,167,211.03,2,2023-01-24 08:00:00
3817,561,197,121.41,5,2023-01-24 09:00:00
2511,562,113,165.75,5,2023-01-24 10:00:00
1623,563,130,114.28,3,2023-01-24 11:00:00
2345,564,186,343.43,5,2023-01-24 12:00:00
1015,565,122,377.88,6,2023-01-24 13:00:00
4161,566,151,460.03,7,2023-01-24 14:00:00
3238,567,181,494.86,7,2023-01-24 15:00:00
3649,568,122,118.04,3,2023-01-24 16:00:00
2404,569,153,37.25,8,2023-01-24 17:00:00
2566,570,195,103.16,3,2023-01-24 18:00:00
4301,571,175,192.5,4,2023-01-24 19:00:00
4844,572,176,18.81,3,2023-01-24 20:00:00
3505,573,138,359.62,8,2023-01-24 21:00:00
3326,574,107,475.14,6,2023-01-24 22:00:00
1694,575,138,13.94,5,2023-01-24 23:00:00
3924,576,138,380.55,7,2023-01-25 00:00:00
1227,577,102,209.43,3,2023-01-25 01:00:00
1584,578,174,176.03,2,2023-01-25 02:00:00
3406,579,114,400.75,3,2023-01-25 03:00:00
4212,580,145,5.16,1,2023-01-25 04:00:00
1785,581,133,229.6,7,2023-01-25 05:00:00
4353,582,147,148.92,9,2023-01-25 06:00:00
4944,583,193,173.98,9,2023-01-25 07:00:00
4569,584,145,233.36,8,2023-01-25 08:00:00
1086,585,145,472.91,4,2023-01-25 09:00:00
2881,586,193,188.56,9,2023-01-25 10:00:00
2897,587,178,237.85,5,2023-01-25 11:00:00
2431,588,162,26.85,4,2023-01-25 12:00:00
3965,589,147,316.72,1,2023-01-25 13:00:00
4105,590,198,176.39,6,2023-01-25 14:00:00
4447,591,139,480.46,9,2023-01-25 15:00:00
2011,592,190,222.04,3,2023-01-25 16:00:00
2994,593,102,326.6,3,2023-01-25 17:00:00
2599,594,134,494.44,4,2023-01-25 18:00:00
2653,595,139,65.23,6,2023-01-25 19:00:00
1522,596,100,284.37,1,2023-01-25 20:00:00
2713,597,115,10.69,1,2023-01-25 21:00:00
4799,598,147,405.59,1,2023-01-25 22:00:00
4981,599,157,323.93,6,2023-01-25 23:00:00
2175,600,144,383.51,7,2023-01-26 00:00:00
3101,601,139,39.14,4,2023-01-26 01:00:00
4671,602,187,150.1,3,2023-01-26 02:00:00
2832,603,100,316.17,4,2023-01-26 03:00:00
1386,604,140,479.17,6,2023-01-26 04:00:00
4868,605,159,319.09,1,2023-01-26 05:00:00
3982,606,121,471.49,9,2023-01-26 06:00:00
3226,607,193,20.79,2,2023-01-26 07:00:00
4352,608,124,421.87,4,2023-01-26 08:00:00
2926,609,116,166.08,9,2023-01-26 09:00:00
4530,610,139,477.03,1,2023-01-26 10:00:00
3057,611,148,269.76,8,2023-01-26 11:00:00
3562,612,141,451.9,9,2023-01-26 12:00:00
4842,613,131,134.41,4,2023-01-26 13:00:00
1621,614,132,459.88,5,2023-01-26 14:00:00
2697,615,178,5.12,5,2023-01-26 15:00:00
3887,616,144,96.1,7,2023-01-26 16:00:00
4693,617,121,56.58,8,2023-01-26 17:00:00
4505,618,194,382.14,7,2023-01-26 18:00:00
2994,619,162,274.61,5,2023-01-26 19:00:00
1570,620,137,196.87,2,2023-01-26 20:00:00
1832,621,148,361.5,4,2023-01-26 21:00:00
4800,622,106,111.6,9,2023-01-26 22:00:00
3569,623,113,357.8,4,2023-01-26 23:00:00
4149,624,102,459.01,1,2023-01-27 00:00:00
2937,625,186,135.58,3,2023-01-27 01:00:00
4908,626,149,194.43,5,2023-01-27 02:00:00
2202,627,111,56.6,9,2023-01-27 03:00:00
2132,628,107,30.6,3,2023-01-27 04:00:00
4275,629,172,38.5,5,2023-01-27 05:00:00
4160,630,156,463.92,1,2023-01-27 06:00:00
4839,631,100,22.19,3,2023-01-27 07:00:00
1539,632,100,497.47,7,2023-01-27 08:00:00
1950,633,108,353.53,1,2023-01-27 09:00:00
2173,634,185,189.23,5,2023-01-27 10:00:00
4473,635,177,455.12,5,2023-01-27 11:00:00
2912,636,146,56.5,9,2023-01-27 12:00:00
1702,637,125,5.49,5,2023-01-27 13:00:00
1000,638,139,146.63,3,2023-01-27 14:00:00
3387,639,171,223.0,1,2023-01-27 15:00:00
3597,640,125,384.96,3,2023-01-27 16:00:00
4153,641,120,452.49,8,2023-01-27 17:00:00
1378,642,185,288.4,8,2023-01-27 18:00:00
1200,643,197,257.98,1,2023-01-27 19:00:00
2903,644,150,14.63,5,2023-01-27 20:00:00
1403,645,127,426.11,7,2023-01-27 21:00:00
4291,646,167,117.52,2,2023-01-27 22:00:00
2121,647,100,358.45,8,2023-01-27 23:00:00
3611,648,155,7.42,5,2023-01-28 00:00:00
1360,649,122,229.5,7,2023-01-28 01:00:00
4156,650,109,141.37,4,2023-01-28 02:00:00
3498,651,151,141.56,2,2023-01-28 03:00:00
2271,652,149,57.15,1,2023-01-28 04:00:00
2241,653,174,434.79,2,2023-01-28 05:00:00
4072,654,146,405.38,9,2023-01-28 06:00:00
4312,655,110,384.0,2,2023-01-28 07:00:00
2935,656,145,299.25,4,2023-01-28 08:00:00
3589,657,126,107.86,3,2023-01-28 09:00:00
4289,658,160,66.99,9,2023-01-28 10:00:00
4026,659,196,45.74,1,2023-01-28 11:00:00
3526,660,191,26.19,6,2023-01-28 12:00:00
3900,661,178,360.2,8,2023-01-28 13:00:00
1794,662,181,318.03,9,2023-01-28 14:00:00
4978,663,132,193.55,8,2023-01-28 15:00:00
1515,664,126,235.6,3,2023-01-28 16:00:00
4103,665,171,415.5,8,2023-01-28 17:00:00
3267,666,133,257.0,8,2023-01-28 18:00:00
3935,667,165,352.55,4,2023-01-28 19:00:00
3752,668,164,421.34,6,2023-01-28 20:00:00
1367,669,129,286.24,2,2023-01-28 21:00:00
2417,670,138,181.47,6,2023-01-28 22:00:00
3084,671,145,87.57,5,2023-01-28 23:00:00
1539,672,122,265.22,5,2023-01-29 00:00:00
3083,673,148,254.17,3,2023-01-29 01:00:00
1995,674,187,153.35,4,2023-01-29 02:00:00
1929,675,171,44.75,6,2023-01-29 03:00:00
2057,676,122,124.56,4,2023-01-29 04:00:00
4791,677,178,362.83,8,2023-01-29 05:00:00
4097,678,116,364.74,7,2023-01-29 06:00:00
1930,679,180,397.9,8,2023-01-29 07:00:00
4065,680,168,346.86,5,2023-01-29 08:00:00
3819,681,151,297.52,1,2023-01-29 09:00:00
3365,682,108,271.94,7,2023-01-29 10:00:00
1764,683,187,237.19,3,2023-01-29 11:00:00
2331,684,145,99.99,1,2023-01-29 12:00:00
4918,685,180,148.18,2,2023-01-29 13:00:00
2079,686,114,354.84,1,2023-01-29 14:00:00
4121,687,143,442.5,3,2023-01-29 15:00:00
2393,688,169,5.27,6,2023-01-29 16:00:00
3271,689,120,360.46,5,2023-01-29 17:00:00
3530,690,124,483.03,8,2023-01-29 18:00:00
4946,691,121,468.24,1,2023-01-29 19:00:00
4399,692,164,450.98,1,2023-01-29 20:00:00
2427,693,155,373.58,5,2023-01-29 21:00:00
2423,694,146,277.2,8,2023-01-29 22:00:00
1450,695,189,215.7,9,2023-01-29 23:00:00
3105,696,189,9.7,2,2023-01-30 00:00:00
2331,697,155,416.31,8,2023-01-30 01:00:00
2433,698,186,120.33,2,2023-01-30 02:00:00
4418,699,126,251.68,8,2023-01-30 03:00:00
4955,700,120,267.13,1,2023-01-30 04:00:00
3931,701,191,41.98,5,2023-01-30 05:00:00
1444,702,185,222.55,3,2023-01-30 06:00:00
2702,703,156,209.84,9,2023-01-30 07:00:00
1988,704,127,29.4,7,2023-01-30 08:00:00
1265,705,159,438.69,4,2023-01-30 09:00:00
3352,706,192,464.17,3,2023-01-30 10:00:00
2433,707,177,170.56,4,2023-01-30 11:00:00
2554,708,152,407.93,8,2023-01-30 12:00:00
1422,709,141,479.75,1,2023-01-30 13:00:00
2044,710,124,135.68,5,2023-01-30 14:00:00
3807,711,135,41.62,9,2023-01-30 15:00:00
1421,712,103,95.46,3,2023-01-30 16:00:00
3919,713,157,252.97,3,2023-01-30 17:00:00
4752,714,190,95.77,6,2023-01-30 18:00:00
3936,715,110,212.01,8,2023-01-30 19:00:00
2237,716,112,431.02,3,2023-01-30 20:00:00
3448,717,116,316.19,2,2023-01-30 21:00:00
4923,718,176,173.71,1,2023-01-30 22:00:00
1221,719,128,494.33,7,2023-01-30 23:00:00
2055,720,153,378.86,1,2023-01-31 00:00:00
1007,721,195,93.32,1,2023-01-31 01:00:00
2323,722,167,47.91,1,2023-01-31 02:00:00
1466,723,185,145.96,3,2023-01-31 03:00:00
4034,724,146,409.66,4,2023-01-31 04:00:00
1714,725,156,419.37,2,2023-01-31 05:00:00
1371,726,149,52.28,7,2023-01-31 06:00:00
2532,727,162,267.23,8,2023-01-31 07:00:00
2119,728,155,276.57,4,2023-01-31 08:00:00
1774,729,175,106.24,8,2023-01-31 09:00:00
3809,730,197,362.32,6,2023-01-31 10:00:00
2994,731,189,53.04,8,2023-01-31 11:00:00
3019,732,180,375.83,2,2023-01-31 12:00:00
2879,733,141,471.33,6,2023-01-31 13:00:00
4081,734,177,304.53,9,2023-01-31 14:00:00
3305,735,182,254.35,6,2023-01-31 15:00:00
3530,736,184,351.87,7,2023-01-31 16:00:00
1551,737,101,87.23,3,2023-01-31 17:00:00
3240,738,136,215.36,4,2023-01-31 18:00:00
3889,739,199,233.06,7,2023-01-31 19:00:00
4833,740,123,404.44,8,2023-01-31 20:00:00
3703,741,169,410.52,8,2023-01-31 21:00:00
3877,742,146,289.53,4,2023-01-31 22:00:00
1552,743,147,163.22,4,2023-01-31 23:00:00
4215,744,176,372.92,6,2023-02-01 00:00:00
3168,745,196,221.61,4,2023-02-01 01:00:00
1735,746,193,292.31,3,2023-02-01 02:00:00
1744,747,167,470.77,9,2023-02-01 03:00:00
2987,748,179,107.11,7,2023-02-01 04:00:00
2132,749,117,198.98,1,2023-02-01 05:00:00
4370,750,145,394.92,3,2023-02-01 06:00:00
2501,751,181,236.19,5,2023-02-01 07:00:00
4006,752,128,204.86,4,2023-02-01 08:00:00
1620,753,113,114.71,6,2023-02-01 09:00:00
3150,754,197,176.95,9,2023-02-01 10:00:00
1505,755,118,47.8,4,2023-02-01 11:00:00
1867,756,195,25.59,9,2023-02-01 12:00:00
2257,757,198,171.43,9,2023-02-01 13:00:00
3722,758,173,273.86,8,2023-02-01 14:00:00
4843,759,104,84.82,8,2023-02-01 15:00:00
1147,760,190,210.79,5,2023-02-01 16:00:00
3122,761,138,326.2,3,2023-02-01 17:00:00
4538,762,139,131.27,9,2023-02-01 18:00:00
3206,763,186,454.53,7,2023-02-01 19:00:00
2640,764,173,295.17,8,2023-02-01 20:00:00
3371,765,143,334.46,7,2023-02-01 21:00:00
2344,766,182,216.7,8,2023-02-01 22:00:00
3595,767,177,236.15,8,2023-02-01 23:00:00
2631,768,195,215.51,9,2023-02-02 00:00:00
2088,769,127,169.23,3,2023-02-02 01:00:00
3679,770,184,323.62,4,2023-02-02 02:00:00
3248,771,124,471.57,4,2023-02-02 03:00:00
3211,772,182,262.1,3,2023-02-02 04:00:00
2622,773,101,154.01,1,2023-02-02 05:00:00
3573,774,177,193.49,7,2023-02-02 06:00:00
4016,775,148,273.89,4,2023-02-02 07:00:00
3672,776,178,82.25,8,2023-02-02 08:00:00
2166,777,124,243.79,3,2023-02-02 09:00:00
3416,778,160,209.08,2,2023-02-02 10:00:00
4512,779,183,459.51,9,2023-02-02 11:00:00
4803,780,119,376.5,4,2023-02-02 12:00:00
2515,781,166,19.13,9,2023-02-02 13:00:00
1591,782,184,83.25,1,2023-02-02 14:00:00
2400,783,187,328.61,1,2023-02-02 15:00:00
2310,784,113,436.92,8,2023-02-02 16:00:00
4676,785,141,396.13,4,2023-02-02 17:00:00
4696,786,158,179.55,9,2023-02-02 18:00:00
2168,787,105,273.21,2,2023-02-02 19:00:00
1056,788,103,191.74,8,2023-02-02 20:00:00
3566,789,156,251.52,6,2023-02-02 21:00:00
3867,790,192,173.8,1,2023-02-02 22:00:00
4682,791,129,204.88,1,2023-02-02 23:00:00
3835,792,107,108.98,7,2023-02-03 00:00:00
1053,793,102,384.95,8,2023-02-03 01:00:00
2793,794,173,219.08,1,2023-02-03 02:00:00
3053,795,181,349.81,8,2023-02-03 03:00:00
3562,796,193,195.34,6,2023-02-03 04:00:00
4798,797,116,166.14,7,2023-02-03 05:00:00
4045,798,131,494.65,1,2023-02-03 06:00:00
2246,799,155,91.73,5,2023-02-03 07:00:00
2428,800,152,139.99,1,2023-02-03 08:00:00
4287,801,156,9.74,7,2023-02-03 09:00:00
4797,802,118,322.2,9,2023-02-03 10:00:00
3706,803,138,61.89,2,2023-02-03 11:00:00
4143,804,189,404.54,7,2023-02-03 12:00:00
4313,805,108,146.48,6,2023-02-03 13:00:00
1535,806,180,264.42,3,2023-02-03 14:00:00
4681,807,133,137.88,6,2023-02-03 15:00:00
2509,808,132,448.06,3,2023-02-03 16:00:00
4426,809,105,341.05,3,2023-02-03 17:00:00
2499,810,122,471.69,3,2023-02-03 18:00:00
2376,811,177,24.18,1,2023-02-03 19:00:00
2773,812,182,197.98,4,2023-02-03 20:00:00
1050,813,184,339.25,7,2023-02-03 21:00:00
4647,814,170,11.54,2,2023-02-03 22:00:00
1816,815,116,144.04,8,2023-02-03 23:00:00
3537,816,110,453.83,7,2023-02-04 00:00:00
2137,817,197,271.91,2,2023-02-04 01:00:00
4243,818,140,119.03,1,2023-02-04 02:00:00
2964,819,198,178.94,4,2023-02-04 03:00:00
2948,820,138,346.57,3,2023-02-04 04:00:00
2910,821,169,137.37,9,2023-02-04 05:00:00
4610,822,143,321.17,8,2023-02-04 06:00:00
1954,823,178,315.12,6,2023-02-04 07:00:00
2542,824,175,84.87,1,2023-02-04 08:00:00
2911,825,133,19.33,7,2023-02-04 09:00:00
2793,826,118,57.19,1,2023-02-04 10:00:00
4531,827,132,155.2,6,2023-02-04 11:00:00
1109,828,113,262.05,6,2023-02-04 12:00:00
2190,829,140,71.49,4,2023-02-04 13:00:00
2698,830,148,205.5,8,2023-02-04 14:00:00
1768,831,134,138.16,8,2023-02-04 15:00:00
1347,832,182,40.83,7,2023-02-04 16:00:00
1761,833,153,480.83,5,2023-02-04 17:00:00
3772,834,176,28.56,4,2023-02-04 18:00:00
3616,835,109,198.73,5,2023-02-04 19:00:00
4199,836,101,290.46,1,2023-02-04 20:00:00
4392,837,102,120.66,4,2023-02-04 21:00:00
1755,838,157,33.88,1,2023-02-04 22:00:00
4495,839,111,5.26,4,2023-02-04 23:00:00
3604,840,103,342.12,7,2023-02-05 00:00:00
2343,841,169,345.57,2,2023-02-05 01:00:00
2416,842,134,361.3,5,2023-02-05 02:00:00
1953,843,131,405.51,1,2023-02-05 03:00:00
2012,844,151,70.2,9,2023-02-05 04:00:00
3479,845,112,263.14,2,2023-02-05 05:00:00
1565,846,135,475.61,3,2023-02-05 06:00:00
2805,847,114,136.98,2,2023-02-05 07:00:00
4081,848,120,356.4,6,2023-02-05 08:00:00
3065,849,104,84.55,8,2023-02-05 09:00:00
1538,850,155,103.46,7,2023-02-05 10:00:00
1154,851,124,54.28,3,2023-02-05 11:00:00
3165,852,120,124.18,4,2023-02-05 12:00:00
2438,853,192,385.16,2,2023-02-05 13:00:00
3728,854,120,68.9,3,2023-02-05 14:00:00
2738,855,164,118.14,5,2023-02-05 15:00:00
3746,856,171,408.07,4,2023-02-05 16:00:00
1886,857,115,254.67,2,2023-02-05 17:00:00
4179,858,189,133.49,6,2023-02-05 18:00:00
1227,859,145,6.62,3,2023-02-05 19:00:00
4572,860,140,214.97,2,2023-02-05 20:00:00
4967,861,176,22.41,8,2023-02-05 21:00:00
3856,862,188,114.53,5,2023-02-05 22:00:00
4907,863,134,41.39,3,2023-02-05 23:00:00
4606,864,101,35.16,5,2023-02-06 00:00:00
3061,865,126,252.54,7,2023-02-06 01:00:00
4297,866,195,157.15,1,2023-02-06 02:00:00
2151,867,131,254.86,5,2023-02-06 03:00:00
1830,868,176,45.98,2,2023-02-06 04:00:00
1839,869,158,196.41,7,2023-02-06 05:00:00
2753,870,122,96.56,4,2023-02-06 06:00:00
2276,871,165,314.58,2,2023-02-06 07:00:00
1741,872,123,430.03,6,2023-02-06 08:00:00
3416,873,163,398.25,4,2023-02-06 09:00:00
2393,874,149,292.53,4,2023-02-06 10:00:00
3580,875,192,248.96,5,2023-02-06 11:00:00
2852,876,148,450.95,3,2023-02-06 12:00:00
3510,877,188,61.05,9,2023-02-06 13:00:00
1015,878,165,299.72,9,2023-02-06 14:00:00
4516,879,137,5.46,1,2023-02-06 15:00:00
4243,880,125,253.41,9,2023-02-06 16:00:00
1993,881,114,214.38,9,2023-02-06 17:00:00
4010,882,150,344.01,1,2023-02-06 18:00:00
2477,883,100,483.24,6,2023-02-06 19:00:00
4338,884,101,101.76,2,2023-02-06 20:00:00
2902,885,168,299.41,7,2023-02-06 21:00:00
1981,886,124,345.23,8,2023-02-06 22:00:00
3816,887,143,96.03,6,2023-02-06 23:00:00
1828,888,113,499.42,3,2023-02-07 00:00:00
1344,889,186,444.97,8,2023-02-07 01:00:00
2797,890,150,165.99,1,2023-02-07 02:00:00
3197,891,109,177.68,3,2023-02-07 03:00:00
2217,892,143,233.15,6,2023-02-07 04:00:00
3058,893,182,170.3,2,2023-02-07 05:00:00
2712,894,132,37.34,9,2023-02-07 06:00:00
4105,895,122,91.94,2,2023-02-07 07:00:00
2668,896,120,324.19,8,2023-02-07 08:00:00
2724,897,149,164.28,3,2023-02-07 09:00:00
1646,898,193,322.09,2,2023-02-07 10:00:00
4489,899,169,218.7,3,2023-02-07 11:00:00
3560,900,162,39.75,9,2023-02-07 12:00:00
3167,901,174,240.89,7,2023-02-07 13:00:00
1109,902,168,219.92,4,2023-02-07 14:00:00
2808,903,130,37.49,7,2023-02-07 15:00:00
1820,904,113,134.11,6,2023-02-07 16:00:00
2710,905,108,26.55,1,2023-02-07 17:00:00
2369,906,110,83.21,5,2023-02-07 18:00:00
1105,907,189,309.71,7,2023-02-07 19:00:00
3405,908,111,491.32,7,2023-02-07 20:00:00
4442,909,173,440.73,4,2023-02-07 21:00:00
2306,910,125,404.58,9,2023-02-07 22:00:00
2185,911,130,481.54,5,2023-02-07 23:00:00
1743,912,145,420.21,6,2023-02-08 00:00:00
1500,913,174,418.62,9,2023-02-08 01:00:00
1607,914,183,295.21,1,2023-02-08 02:00:00
3799,915,160,246.84,5,2023-02-08 03:00:00
4769,916,192,72.05,2,2023-02-08 04:00:00
4014,917,149,400.01,8,2023-02-08 05:00:00
4581,918,102,128.03,7,2023-02-08 06:00:00
3389,919,144,77.22,9,2023-02-08 07:00:00
4285,920,167,162.42,9,2023-02-08 08:00:00
3856,921,183,45.74,1,2023-02-08 09:00:00
4151,922,136,198.81,1,2023-02-08 10:00:00
1714,923,150,91.93,1,2023-02-08 11:00:00
1991,924,141,138.37,9,2023-02-08 12:00:00
3099,925,125,310.66,2,2023-02-08 13:00:00
3214,926,112,486.68,5,2023-02-08 14:00:00
2185,927,122,318.32,2,2023-02-08 15:00:00
4865,928,166,79.09,8,2023-02-08 16:00:00
1069,929,122,88.84,7,2023-02-08 17:00:00
4227,930,179,396.19,3,2023-02-08 18:00:00
1911,931,150,409.77,3,2023-02-08 19:00:00
3374,932,158,123.38,6,2023-02-08 20:00:00
4418,933,108,418.84,1,2023-02-08 21:00:00
4067,934,154,252.32,5,2023-02-08 22:00:00
2118,935,171,331.2,4,2023-02-08 23:00:00
4452,936,176,361.68,8,2023-02-09 00:00:00
3796,937,149,383.9,6,2023-02-09 01:00:00
1923,938,128,179.12,6,2023-02-09 02:00:00
2331,939,166,250.23,3,2023-02-09 03:00:00
3943,940,158,236.73,9,2023-02-09 04:00:00
1095,941,155,494.76,7,2023-02-09 05:00:00
3333,942,116,328.61,1,2023-02-09 06:00:00
4885,943,169,417.15,4,2023-02-09 07:00:00
1678,944,122,255.79,9,2023-02-09 08:00:00
2883,945,180,335.19,6,2023-02-09 09:00:00
3490,946,143,355.15,1,2023-02-09 10:00:00
2441,947,139,491.21,2,2023-02-09 11:00:00
3742,948,135,122.55,8,2023-02-09 12:00:00
2419,949,184,54.95,3,2023-02-09 13:00:00
1668,950,192,407.26,9,2023-02-09 14:00:00
3720,951,104,54.59,1,2023-02-09 15:00:00
1630,952,192,225.55,5,2023-02-09 16:00:00
3513,953,168,222.5,2,2023-02-09 17:00:00
1483,954,127,419.72,3,2023-02-09 18:00:00
2931,955,156,26.93,5,2023-02-09 19:00:00
1707,956,156,106.04,3,2023-02-09 20:00:00
3585,957,101,350.43,9,2023-02-09 21:00:00
4503,958,170,74.06,8,2023-02-09 22:00:00
4914,959,105,176.86,3,2023-02-09 23:00:00
4221,960,194,362.86,3,2023-02-10 00:00:00
4793,961,103,158.96,8,2023-02-10 01:00:00
4168,962,121,249.97,8,2023-02-10 02:00:00
4239,963,180,55.31,3,2023-02-10 03:00:00
3514,964,137,57.96,7,2023-02-10 04:00:00
2495,965,196,431.03,2,2023-02-10 05:00:00
4036,966,155,431.75,8,2023-02-10 06:00:00
2952,967,198,153.18,3,2023-02-10 07:00:00
3307,968,139,499.15,7,2023-02-10 08:00:00
2404,969,136,242.94,3,2023-02-10 09:00:00
1924,970,175,364.36,2,2023-02-10 10:00:00
4771,971,167,322.7,1,2023-02-10 11:00:00
4388,972,179,322.54,8,2023-02-10 12:00:00
3426,973,162,37.53,9,2023-02-10 13:00:00
2360,974,126,466.05,2,2023-02-10 14:00:00
3800,975,128,416.16,6,2023-02-10 15:00:00
2824,976,115,48.76,6,2023-02-10 16:00:00
1834,977,100,492.52,6,2023-02-10 17:00:00
2777,978,125,284.04,5,2023-02-10 18:00:00
4811,979,143,278.35,6,2023-02-10 19:00:00
4187,980,107,18.24,6,2023-02-10 20:00:00
2805,981,125,245.25,8,2023-02-10 21:00:00
4644,982,161,470.67,2,2023-02-10 22:00:00
4858,983,182,245.23,2,2023-02-10 23:00:00
3532,984,156,259.02,5,2023-02-11 00:00:00
1929,985,159,8.11,1,2023-02-11 01:00:00
3178,986,128,374.33,8,2023-02-11 02:00:00
1524,987,173,217.27,3,2023-02-11 03:00:00
4489,988,190,455.24,9,2023-02-11 04:00:00
4659,989,104,327.32,2,2023-02-11 05:00:00
1333,990,129,356.34,2,2023-02-11 06:00:00
2975,991,190,81.68,6,2023-02-11 07:00:00
4489,992,104,460.48,4,2023-02-11 08:00:00
4474,993,146,415.62,5,2023-02-11 09:00:00
3538,994,189,232.71,9,2023-02-11 10:00:00
2359,995,178,393.6,2,2023-02-11 11:00:00
1583,996,104,200.29,2,2023-02-11 12:00:00
2359,997,151,408.83,4,2023-02-11 13:00:00
2135,998,113,302.35,7,2023-02-11 14:00:00
3754,999,143,15.76,6,2023-02-11 15:00:00
